
				-- INSERTING DATA FOR ALL THE TABLES:

-- @E:\3rd_year_CUC\Spring\Database_Systems_Design\Project_#3_Hospital_Database\Insert_Data_Output\Insert_Data_[SQL].sql;

-- H_DOCTORS TABLE DATA:

INSERT INTO H_DOCTORS (FirstName, MiddleInitial, LastName, HomeAddress, State, City, Salary, Gender , Ethnicity, EmployeeSSN, EmployeeID) 
	VALUES ('Cassandra', 'B.', 'Croxton', '3604 Buell Terrace', 'Iowa', 'Davenport', '$120,603.52', 'Female', 'Ute', '634-73-0325', 25830);

INSERT INTO H_DOCTORS (FirstName, MiddleInitial, LastName, HomeAddress, State, City, Salary, Gender , Ethnicity, EmployeeSSN, EmployeeID) 
	VALUES ('Con', 'B.', 'Gallaher', '8727 Menomonie Park', 'Minnesota', 'Minneapolis', '$110,793.42', 'Female', 'Korean', '276-03-0679', 42800);

INSERT INTO H_DOCTORS (FirstName, MiddleInitial, LastName, HomeAddress, State, City, Salary, Gender , Ethnicity, EmployeeSSN, EmployeeID) 
	VALUES ('Gard', 'C.', 'Ellar', '9032 Stuart Circle', 'Connecticut', 'Hartford', '$150,893.72', 'Male', 'Japanese', '694-31-6219', 20175);

INSERT INTO H_DOCTORS (FirstName, MiddleInitial, LastName, HomeAddress, State, City, Salary, Gender , Ethnicity, EmployeeSSN, EmployeeID) 
	VALUES ('Perla', 'D.', 'Haggard', '92153 Summit Lane', 'Massachusetts', 'Cambridge', '$190,993.52', 'Female', 'Yaqui', '611-07-3079', 22114);

INSERT INTO H_DOCTORS (FirstName, MiddleInitial, LastName, HomeAddress, State, City, Salary, Gender , Ethnicity, EmployeeSSN, EmployeeID) 
	VALUES ('Guthrie', 'E.', 'Pockey', '11646 Sutherland Trail', 'Florida', 'West Palm Beach', '$140,103.67', 'Male', 'Blackfeet', '795-53-0397', 21015);

INSERT INTO H_DOCTORS (FirstName, MiddleInitial, LastName, HomeAddress, State, City, Salary, Gender , Ethnicity, EmployeeSSN, EmployeeID) 
	VALUES ('Myles', 'F.', 'Packham', '9659 Delaware Crossing', 'Virginia', 'Richmond', '$130,203.28', 'Male', 'Lumbee', '851-66-9625', 13304);

INSERT INTO H_DOCTORS (FirstName, MiddleInitial, LastName, HomeAddress, State, City, Salary, Gender , Ethnicity, EmployeeSSN, EmployeeID) 
	VALUES ('Lenard', 'A.', 'Hentzeler', '0 Coleman Center', 'Florida', 'Tampa', '$120,303.70', 'Male', 'Puerto Rican', '394-59-6040', 25574);

INSERT INTO H_DOCTORS (FirstName, MiddleInitial, LastName, HomeAddress, State, City, Salary, Gender , Ethnicity, EmployeeSSN, EmployeeID) 
	VALUES ('Lawton', 'E.', 'Bour', '61 Logan Point', 'Ohio', 'Akron', '$110,403.47', 'Male', 'Chinese', '607-19-0004', 49807);

INSERT INTO H_DOCTORS (FirstName, MiddleInitial, LastName, HomeAddress, State, City, Salary, Gender , Ethnicity, EmployeeSSN, EmployeeID) 
	VALUES ('Mickie', 'T.', 'Wakelin', '59 Debs Alley', 'Missouri', 'Springfield', '$180,503.36', 'Male', 'Yuman', '426-90-6447', 43360);

INSERT INTO H_DOCTORS (FirstName, MiddleInitial, LastName, HomeAddress, State, City, Salary, Gender , Ethnicity, EmployeeSSN, EmployeeID) 
	VALUES ('Corine', 'H.', 'Poynor', '575 Brentwood Road', 'Florida', 'Gainesville', '$170,603.87', 'Female', 'Seminole', '759-56-7619', 15625);

INSERT INTO H_DOCTORS (FirstName, MiddleInitial, LastName, HomeAddress, State, City, Salary, Gender , Ethnicity, EmployeeSSN, EmployeeID) 
	VALUES ('Cele', 'G.', 'Fromant', '868 Ilene Hill', 'Connecticut', 'Hartford', '$160,703.91', 'Female', 'Guatemalan', '688-01-3462', 14171);

INSERT INTO H_DOCTORS (FirstName, MiddleInitial, LastName, HomeAddress, State, City, Salary, Gender , Ethnicity, EmployeeSSN, EmployeeID) 
	VALUES ('Free', 'K.', 'Doogue', '5 Columbus Street', 'Texas', 'Temple', '$150,803.90', 'Agender', 'Polynesian', '606-26-1548', 22024);

INSERT INTO H_DOCTORS (FirstName, MiddleInitial, LastName, HomeAddress, State, City, Salary, Gender , Ethnicity, EmployeeSSN, EmployeeID) 
	VALUES ('Lorna', 'Z.', 'Coneybeare', '6665 American Ash Way', 'Massachusetts', 'Brockton', '$140,903.18', 'Female', 'Choctaw', '487-30-6581', 13377);

INSERT INTO H_DOCTORS (FirstName, MiddleInitial, LastName, HomeAddress, State, City, Salary, Gender , Ethnicity, EmployeeSSN, EmployeeID) 
	VALUES ('Buck', 'J.', 'Bagley', '89 Delladonna Place', 'Texas', 'Katy', '$181,000.13', 'Male', 'Yuman', '485-47-2713', 31083);

INSERT INTO H_DOCTORS (FirstName, MiddleInitial, LastName, HomeAddress, State, City, Salary, Gender , Ethnicity, EmployeeSSN, EmployeeID)  
	VALUES ('Eberto', 'K.', 'Hanscom', '1 Tony Terrace', 'North Carolina', 'Charlotte', '$170,003.12', 'Male', 'Yaqui', '620-23-1896', 16781);

INSERT INTO H_DOCTORS (FirstName, MiddleInitial, LastName, HomeAddress, State, City, Salary, Gender , Ethnicity, EmployeeSSN, EmployeeID) 
	VALUES ('Ariela', 'G.', 'Ivchenko', '28582 Vidon Parkway', 'Washington', 'Everett', '$310,090.11', 'Female', 'Korean', '374-75-8200', 26827);

INSERT INTO H_DOCTORS (FirstName, MiddleInitial, LastName, HomeAddress, State, City, Salary, Gender , Ethnicity, EmployeeSSN, EmployeeID) 
	VALUES ('Darryl', 'W.', 'Skuse', '3 Mcguire Court', 'Alabama', 'Huntsville', '$220,123.10', 'Male', 'Nicaraguan', '614-43-8012', 21189);

INSERT INTO H_DOCTORS (FirstName, MiddleInitial, LastName, HomeAddress, State, City, Salary, Gender , Ethnicity, EmployeeSSN, EmployeeID)  
	VALUES ('Arielle', 'Y.', 'Risbridge', '797 Kropf Way', 'Florida', 'West Palm Beach', '$230,456.92', 'Female', 'Blackfeet', '291-84-4103', 35785);

INSERT INTO H_DOCTORS (FirstName, MiddleInitial, LastName, HomeAddress, State, City, Salary, Gender , Ethnicity, EmployeeSSN, EmployeeID)  
	VALUES ('Elsi', 'U.', 'Traite', '6 Loftsgordon Avenue', 'California', 'San Francisco', '$240,789.82', 'Female', 'Yaqui', '210-14-2001', 33974);

INSERT INTO H_DOCTORS (FirstName, MiddleInitial, LastName, HomeAddress, State, City, Salary, Gender , Ethnicity, EmployeeSSN, EmployeeID) 
	VALUES ('Darcee', 'I.', 'Crippill', '86719 Stang Plaza', 'New York', 'New York City', '$280,793.72', 'Female', 'Taiwanese', '333-17-3132', 22707);

INSERT INTO H_DOCTORS (FirstName, MiddleInitial, LastName, HomeAddress, State, City, Salary, Gender , Ethnicity, EmployeeSSN, EmployeeID) 
	VALUES ('Marve', 'O.', 'Hulson', '366 Red Cloud Pass', 'Texas', 'Galveston', '$290,893.62', 'Male', 'Costa Rican', '783-38-9702', 37755);

INSERT INTO H_DOCTORS (FirstName, MiddleInitial, LastName, HomeAddress, State, City, Salary, Gender , Ethnicity, EmployeeSSN, EmployeeID) 
	VALUES ('Neilla', 'P.', 'Taill', '8941 Southridge Plaza', 'Virginia', 'Arlington', '$270,993.52', 'Female', 'Malaysian', '572-49-1482', 22296);

INSERT INTO H_DOCTORS (FirstName, MiddleInitial, LastName, HomeAddress, State, City, Salary, Gender , Ethnicity, EmployeeSSN, EmployeeID) 
	VALUES ('Gunner', 'P.', 'Grono', '14 Dryden Lane', 'Colorado', 'Denver', '$310,110.42', 'Male', 'Samoan', '282-12-2058', 44506);

INSERT INTO H_DOCTORS (FirstName, MiddleInitial, LastName, HomeAddress, State, City, Salary, Gender , Ethnicity, EmployeeSSN, EmployeeID) 
	VALUES ('Clemmie', 'Q.', 'Sycamore', '6 Autumn Leaf Hill', 'Illinois', 'Carol Stream', '$250,123.32', 'Male', 'South American', '499-88-7741', 48481);

INSERT INTO H_DOCTORS (FirstName, MiddleInitial, LastName, HomeAddress, State, City, Salary, Gender , Ethnicity, EmployeeSSN, EmployeeID) 
	VALUES ('Winfred', 'Z.', 'Silmon', '30232 Twin Pines Road', 'Florida', 'Ocala', '$350,154.22', 'Male', 'Cree', '435-33-9103', 14492);

INSERT INTO H_DOCTORS (FirstName, MiddleInitial, LastName, HomeAddress, State, City, Salary, Gender , Ethnicity, EmployeeSSN, EmployeeID) 
	VALUES ('Missie', 'B.', 'Tomney', '224 Carey Hill', 'Mississippi', 'Jackson', '$95,183.12', 'Female', 'Pueblo', '476-71-8494', 14011);

INSERT INTO H_DOCTORS (FirstName, MiddleInitial, LastName, HomeAddress, State, City, Salary, Gender , Ethnicity, EmployeeSSN, EmployeeID) 
	VALUES ('Andrus', 'A.', 'Blaxton', '4 Jay Crossing', 'District of Columbia', 'Washington', '$90,193.52', 'Male', 'Yakama', '553-72-9064', 23301);

INSERT INTO H_DOCTORS (FirstName, MiddleInitial, LastName, HomeAddress, State, City, Salary, Gender , Ethnicity, EmployeeSSN, EmployeeID) 
	VALUES ('Chad', 'S.', 'Sinton', '5782 Fieldstone Point', 'Pennsylvania', 'Mc Keesport', '$95,213.52', 'Male', 'Central American', '235-85-5491', 26277);

INSERT INTO H_DOCTORS (FirstName, MiddleInitial, LastName, HomeAddress, State, City, Salary, Gender , Ethnicity, EmployeeSSN, EmployeeID) 
	VALUES ('Vern', 'D.', 'Burnhill', '63996 Russell Pass', 'Indiana', 'South Bend', '$250,193.52', 'Male', 'Chippewa', '799-94-4372', 12757);
	
INSERT INTO H_DOCTORS (FirstName, MiddleInitial, LastName, HomeAddress, State, City, Salary, Gender , Ethnicity, EmployeeSSN, EmployeeID) 
	VALUES ('Laurence', 'E.', 'Stedell', '072 Leroy Way', 'Virginia', 'Roanoke', '$150,194.12', 'Male', 'Honduran', '341-90-9157', 24082);

INSERT INTO H_DOCTORS (FirstName, MiddleInitial, LastName, HomeAddress, State, City, Salary, Gender , Ethnicity, EmployeeSSN, EmployeeID) 
	VALUES ('Creighton', 'Q.', 'Hext', '9 Almo Alley', 'Wisconsin', 'Madison', '$101,481.22', 'Male', 'Pima', '633-30-1903', 19324);

INSERT INTO H_DOCTORS (FirstName, MiddleInitial, LastName, HomeAddress, State, City, Salary, Gender , Ethnicity, EmployeeSSN, EmployeeID) 
	VALUES ('Junina', 'R.', 'Oiseau', '40 Clemons Hill', 'Ohio', 'Toledo', '$350,519.32', 'Female', 'Ecuadorian', '200-27-1415', 38390);

INSERT INTO H_DOCTORS (FirstName, MiddleInitial, LastName, HomeAddress, State, City, Salary, Gender , Ethnicity, EmployeeSSN, EmployeeID) 
	VALUES ('Edik', 'T.', 'Pickston', '1111 Sunnyside Court', 'New York', 'New York City', '$210,516.42', 'Male', 'Yuman', '187-17-6428', 30661);

INSERT INTO H_DOCTORS (FirstName, MiddleInitial, LastName, HomeAddress, State, City, Salary, Gender , Ethnicity, EmployeeSSN, EmployeeID) 
	VALUES ('Shadow', 'Y.', 'McAviy', '627 Orin Street', 'Maine', 'Portland', '$320,132.52', 'Male', 'South American', '290-38-8255', 20584);

INSERT INTO H_DOCTORS (FirstName, MiddleInitial, LastName, HomeAddress, State, City, Salary, Gender , Ethnicity, EmployeeSSN, EmployeeID) 
	VALUES ('Arny', 'U.', 'Flecknell', '166 Boyd Pass', 'Florida', 'Fort Lauderdale', '$370,126.62', 'Male', 'Polynesian', '460-60-6492', 30523);

INSERT INTO H_DOCTORS (FirstName, MiddleInitial, LastName, HomeAddress, State, City, Salary, Gender , Ethnicity, EmployeeSSN, EmployeeID) 
	VALUES ('Giffie', 'I.', 'Makeswell', '22 Twin Pines Junction', 'Texas', 'Houston', '$310,849.72', 'Male', 'Micronesian', '644-62-3868', 48145);

INSERT INTO H_DOCTORS (FirstName, MiddleInitial, LastName, HomeAddress, State, City, Salary, Gender , Ethnicity, EmployeeSSN, EmployeeID) 
	VALUES ('Lou', 'O.', 'Wanek', '71 Hollow Ridge Plaza', 'Pennsylvania', 'Pittsburgh', '$85,189.82', 'Male', 'Apache', '784-81-0736', 25745);

INSERT INTO H_DOCTORS (FirstName, MiddleInitial, LastName, HomeAddress, State, City, Salary, Gender , Ethnicity, EmployeeSSN, EmployeeID) 
	VALUES ('Karel', 'P.', 'Copnall', '8 Moulton Lane', 'California', 'Riverside', '$95,981.92', 'Male', 'White', '187-15-3716', 28994);

INSERT INTO H_DOCTORS (FirstName, MiddleInitial, LastName, HomeAddress, State, City, Salary, Gender , Ethnicity, EmployeeSSN, EmployeeID) 
	VALUES ('Friedrich', 'A.', 'Angeli', '7509 Stuart Center', 'Texas', 'El Paso', '$210,591.10', 'Male', 'Filipino', '573-03-5444', 16060);

INSERT INTO H_DOCTORS (FirstName, MiddleInitial, LastName, HomeAddress, State, City, Salary, Gender , Ethnicity, EmployeeSSN, EmployeeID) 
	VALUES ('Reg', 'S.', 'Silvers', '5793 Karstens Point', 'Alabama', 'Birmingham', '$125,195.20', 'Male', 'Chamorro', '821-60-7100', 39191);

INSERT INTO H_DOCTORS (FirstName, MiddleInitial, LastName, HomeAddress, State, City, Salary, Gender , Ethnicity, EmployeeSSN, EmployeeID) 
	VALUES ('Eda', 'D.', 'Dundon', '675 Hanson Court', 'Minnesota', 'Young America', '$135,126.30', 'Female', 'Shoshone', '110-45-0207', 40129);

INSERT INTO H_DOCTORS (FirstName, MiddleInitial, LastName, HomeAddress, State, City, Salary, Gender , Ethnicity, EmployeeSSN, EmployeeID) 
	VALUES ('Dougie', 'F.', 'Ivanets', '83 Donald Drive', 'Utah', 'Salt Lake City', '$185,849.40', 'Male', 'Iroquois', '244-43-1680', 39265);

INSERT INTO H_DOCTORS (FirstName, MiddleInitial, LastName, HomeAddress, State, City, Salary, Gender , Ethnicity, EmployeeSSN, EmployeeID) 
	VALUES ('Agosto', 'G.', 'Epsley', '1 Sundown Road', 'Wisconsin', 'Green Bay', '$175,951.50', 'Bigender', 'Native Hawaiian and Other Pacific Islander (NHPI)', '687-05-4027', 38771);

INSERT INTO H_DOCTORS (FirstName, MiddleInitial, LastName, HomeAddress, State, City, Salary, Gender , Ethnicity, EmployeeSSN, EmployeeID) 
	VALUES ('Isabel', 'H.', 'Domleo', '7 Kennedy Hill', 'Hawaii', 'Honolulu', '$165,156.60', 'Agender', 'Seminole', '184-31-0545', 27104);

INSERT INTO H_DOCTORS (FirstName, MiddleInitial, LastName, HomeAddress, State, City, Salary, Gender , Ethnicity, EmployeeSSN, EmployeeID) 
	VALUES ('Waylan', 'J.', 'Bloodworthe', '293 Atwood Plaza', 'West Virginia', 'Huntington', '$211,151.70', 'Male', 'Apache', '317-94-9982', 17355);

INSERT INTO H_DOCTORS (FirstName, MiddleInitial, LastName, HomeAddress, State, City, Salary, Gender , Ethnicity, EmployeeSSN, EmployeeID) 
	VALUES ('Nyssa', 'K.', 'Balston', '9 Ronald Regan Place', 'Minnesota', 'Saint Paul', '$199,195.80', 'Female', 'Asian', '876-44-3773', 27158);

INSERT INTO H_DOCTORS (FirstName, MiddleInitial, LastName, HomeAddress, State, City, Salary, Gender , Ethnicity, EmployeeSSN, EmployeeID) 
	VALUES ('Coralie', 'L.', 'Cardinal', '48974 Basil Drive', 'New York', 'Buffalo', '$154,156.90', 'Female', 'Guatemalan', '192-59-2488', 30168);

INSERT INTO H_DOCTORS (FirstName, MiddleInitial, LastName, HomeAddress, State, City, Salary, Gender , Ethnicity, EmployeeSSN, EmployeeID) 
	VALUES ('Iver', 'K.', 'Quig', '1510 Del Mar Hill', 'North Carolina', 'Charlotte', '$159,256.35', 'Male', 'Iroquois', '654-20-2602', 20919);

INSERT INTO H_DOCTORS (FirstName, MiddleInitial, LastName, HomeAddress, State, City, Salary, Gender , Ethnicity, EmployeeSSN, EmployeeID)  
	VALUES ('Arny', 'A.', 'Thoumasson', '28 Nelson Street', 'Washington', 'Seattle', '$120,195.59', 'Male', 'Lumbee', '123-52-8811', 16405);

INSERT INTO H_DOCTORS (FirstName, MiddleInitial, LastName, HomeAddress, State, City, Salary, Gender , Ethnicity, EmployeeSSN, EmployeeID) 
	VALUES ('Betsey', 'W.', 'Crowch', '8 Fulton Court', 'Texas', 'Dallas', '$110,162.15', 'Female', 'Micronesian', '359-31-7692', 33081);


/*
  --Example of Update:
  UPDATE H_DOCTORS
  SET Salary = '$119,128.39'
  WHERE EmployeeID = 25745;
  COMMIT;
*/

/*
  --Example of Update:
  DELETE H_DOCTORS
  WHERE Salary = '$119,128.39' AND EmployeeID = 25745;
  COMMIT;
*/

COMMIT;

-- ——————————————————————————————————————————————————————————————————————————————————————————————————————————————————————————————————————————————————————————————————————————————————————————————

-- H_INSURANCE TABLE DATA:

INSERT INTO H_INSURANCE (InsuranceName, InsuranceID)
	VALUES ('Purple Cross', 50148);

INSERT INTO H_INSURANCE (InsuranceName, InsuranceID)
	VALUES ('Insured Trust and Co.', 99877);

INSERT INTO H_INSURANCE (InsuranceName, InsuranceID)
	VALUES ('Reliable Inherit Co.', 19814);

INSERT INTO H_INSURANCE (InsuranceName, InsuranceID)
	VALUES ('All Coverage', 19819);

INSERT INTO H_INSURANCE (InsuranceName, InsuranceID)
	VALUES ('Value Insurance', 23156);

INSERT INTO H_INSURANCE (InsuranceName, InsuranceID)
	VALUES ('Blue Shield', 23889);

INSERT INTO H_INSURANCE (InsuranceName, InsuranceID)
	VALUES ('AS Test Insur', 23024);

INSERT INTO H_INSURANCE (InsuranceName, InsuranceID)
	VALUES ('Red and White Shield', 54189);

INSERT INTO H_INSURANCE (InsuranceName, InsuranceID)
	VALUES ('Protect You LLC', 12894);

INSERT INTO H_INSURANCE (InsuranceName, InsuranceID)
	VALUES ('PM Insured and Trust LLC', 12189); 

INSERT INTO H_INSURANCE (InsuranceName, InsuranceID)
	VALUES ('United Insurance', 44438);

INSERT INTO H_INSURANCE (InsuranceName, InsuranceID)
	VALUES ('Reunited Insurance', 45574); 

INSERT INTO H_INSURANCE (InsuranceName, InsuranceID)
	VALUES ('UOIC Insured', 44816);

INSERT INTO H_INSURANCE (InsuranceName, InsuranceID)
	VALUES ('PPECY Insurance', 46963);

INSERT INTO H_INSURANCE (InsuranceName, InsuranceID)
	VALUES ('ASDE Guide', 42219);

INSERT INTO H_INSURANCE (InsuranceName, InsuranceID)
	VALUES ('Monty Health & Guidance', 44580);

INSERT INTO H_INSURANCE (InsuranceName, InsuranceID)
	VALUES ('Nasdaw Insured', 41085);

INSERT INTO H_INSURANCE (InsuranceName, InsuranceID)
	VALUES ('Kaneki Reinsured', 46115);

INSERT INTO H_INSURANCE (InsuranceName, InsuranceID)
	VALUES ('Janaki Insurance', 45825);

INSERT INTO H_INSURANCE (InsuranceName, InsuranceID)
	VALUES ('TopDown Insurance Co.', 41009);

INSERT INTO H_INSURANCE (InsuranceName, InsuranceID)
	VALUES ('BottomUp Insurance LLC', 44600);

INSERT INTO H_INSURANCE (InsuranceName, InsuranceID)
	VALUES ('DATE Down Assist LLC', 40776);

INSERT INTO H_INSURANCE (InsuranceName, InsuranceID)
	VALUES ('FECG Closu', 45022);

INSERT INTO H_INSURANCE (InsuranceName, InsuranceID)
	VALUES ('RON Testing Insured', 41725);

INSERT INTO H_INSURANCE (InsuranceName, InsuranceID)
	VALUES ('Aleks Trust Company', 45073);

INSERT INTO H_INSURANCE (InsuranceName, InsuranceID)
	VALUES ('Eurys Trust Company', 40027);


COMMIT;

-- ——————————————————————————————————————————————————————————————————————————————————————————————————————————————————————————————————————————————————————————————————————————————————————————————

-- H_PATIENTS TABLE DATA:
INSERT INTO H_PATIENTS  (PatientID, FirstName, MiddleInitial, LastName, Gender, PatientSSN, VisitReason, DoctorID, InsuranceNumber) 
	VALUES (575001, 'Francoise', 'L.', 'Whilde', 'Male', '959-49-1981', 'Physical Check-up', 33081, 50148);

INSERT INTO H_PATIENTS  (PatientID, FirstName, MiddleInitial, LastName, Gender, PatientSSN, VisitReason, DoctorID, InsuranceNumber) 
	VALUES (575002, 'Osten', 'L.', 'Kinsley', 'Male', '123-45-6789', 'Physical Check-up', 16405, 99877);

INSERT INTO H_PATIENTS  (PatientID, FirstName, MiddleInitial, LastName, Gender, PatientSSN, VisitReason, DoctorID, InsuranceNumber)
	VALUES (575003, 'Anael', 'K.', 'Burgisi', 'Female', '987-65-4321', 'Regular Check-up: Constantly Coughing', 20919, 19814);

INSERT INTO H_PATIENTS  (PatientID, FirstName, MiddleInitial, LastName, Gender, PatientSSN, VisitReason, DoctorID, InsuranceNumber) 
	VALUES (575004, 'Anael', 'J.', 'Fernandez', 'Male', '231-45-8759', 'Emergency', 30168, 19819);

INSERT INTO H_PATIENTS  (PatientID, FirstName, MiddleInitial, LastName, Gender, PatientSSN, VisitReason, DoctorID, InsuranceNumber) 
	VALUES (575005, 'Noemie', 'H.', 'Frounks', 'Agender', '516-23-1972', 'Neurological Scan', 27158, 23156);
	
INSERT INTO H_PATIENTS  (PatientID, FirstName, MiddleInitial, LastName, Gender, PatientSSN, VisitReason, DoctorID, InsuranceNumber)
	VALUES (575006, 'Cecilia', 'S.', 'McGragh', 'Female', '654-94-2001', 'Intensive Care Unit', 17355, 23889);

INSERT INTO H_PATIENTS  (PatientID, FirstName, MiddleInitial, LastName, Gender, PatientSSN, VisitReason, DoctorID, InsuranceNumber) 
	VALUES (575007, 'Melys', 'Z.', 'Paolinelli', 'Genderfluid', '189-99-1969', 'Physical Check-up', 27104, 23024);

INSERT INTO H_PATIENTS  (PatientID, FirstName, MiddleInitial, LastName, Gender, PatientSSN, VisitReason, DoctorID, InsuranceNumber) 
	VALUES (575008, 'Wai', 'E.', 'Shailer', 'Female', '959-49-1953', 'Physical Check-up', 38771, 54189);

INSERT INTO H_PATIENTS  (PatientID, FirstName, MiddleInitial, LastName, Gender, PatientSSN, VisitReason, DoctorID, InsuranceNumber) 
	VALUES (575009, 'Adelaide', 'W.', 'Zanicchelli', 'Male', '117-73-3550', 'Intensive Care Unit', 16060, 12189);

INSERT INTO H_PATIENTS  (PatientID, FirstName, MiddleInitial, LastName, Gender, PatientSSN, VisitReason, DoctorID, InsuranceNumber) 
	VALUES (575010, 'Dong', 'I.', 'Blowin', 'Male', '195-14-6374', 'Emergency', 48145, 44438);

INSERT INTO H_PATIENTS  (PatientID, FirstName, MiddleInitial, LastName, Gender, PatientSSN, VisitReason, DoctorID, InsuranceNumber)
	VALUES (575011, 'Osten', 'J.', 'Harmstone', 'Male', '352-65-8870', 'Radiology Check-up', 25745, 45574);

INSERT INTO H_PATIENTS  (PatientID, FirstName, MiddleInitial, LastName, Gender, PatientSSN, VisitReason, DoctorID, InsuranceNumber) 
	VALUES (575012, 'Aslag', 'H.', 'Matisoff', 'Male', '797-43-1869', 'Intensive Care Unit', 28994, 44816);

INSERT INTO H_PATIENTS  (PatientID, FirstName, MiddleInitial, LastName, Gender, PatientSSN, VisitReason, DoctorID, InsuranceNumber) 
	VALUES (575013, 'Ophelie', 'G.', 'Damsell', 'Female', '240-48-9709', 'Radiology Check-up', 39191, 46963);

INSERT INTO H_PATIENTS  (PatientID, FirstName, MiddleInitial, LastName, Gender, PatientSSN, VisitReason, DoctorID, InsuranceNumber) 
	VALUES (575014, 'Hakan', 'F.', 'Ferronel', 'Genderfluid', '374-04-6301', 'Regular Check-up: Constant Fever', 40129, 42219);

INSERT INTO H_PATIENTS  (PatientID, FirstName, MiddleInitial, LastName, Gender, PatientSSN, VisitReason, DoctorID, InsuranceNumber) 
	VALUES (575015, 'Rui', 'R.', 'O''Siaghail', 'Female', '718-08-3366', 'Radiology Check-up', 39265, 44580);

INSERT INTO H_PATIENTS  (PatientID, FirstName, MiddleInitial, LastName, Gender, PatientSSN, VisitReason, DoctorID, InsuranceNumber) 
	VALUES (575016, 'Mylene', 'E.', 'Leyband', 'Male', '314-11-8505', 'Radiology Check-up', 31083, 41085);

INSERT INTO H_PATIENTS  (PatientID, FirstName, MiddleInitial, LastName, Gender, PatientSSN, VisitReason, DoctorID, InsuranceNumber) 
	VALUES (575017, 'Leng', 'D.', 'Castiello', 'Female', '849-10-4206', 'Neurological Scan', 16781, 46115);

INSERT INTO H_PATIENTS  (PatientID, FirstName, MiddleInitial, LastName, Gender, PatientSSN, VisitReason, DoctorID, InsuranceNumber) 
	VALUES (575018, 'Simplifies', 'C.', 'Llorens', 'Male', '355-12-7879', 'Regular Check-Up: Flu Shots', 26827, 45825);

INSERT INTO H_PATIENTS  (PatientID, FirstName, MiddleInitial, LastName, Gender, PatientSSN, VisitReason, DoctorID, InsuranceNumber)  
	VALUES (575019, 'Angele', 'B.', 'Hofler', 'Female', '240-81-1577', 'Oncology', 35785, 41009);

INSERT INTO H_PATIENTS  (PatientID, FirstName, MiddleInitial, LastName, Gender, PatientSSN, VisitReason, DoctorID, InsuranceNumber) 
	VALUES (575020, 'Simplifies', 'A.', 'Emm', 'Female', '683-04-5464', 'Oncology', 33974, 44600);

INSERT INTO H_PATIENTS  (PatientID, FirstName, MiddleInitial, LastName, Gender, PatientSSN, VisitReason, DoctorID, InsuranceNumber) 
	VALUES (575021, 'Gerel', 'W.', 'Leyes', 'Male', '312-33-4747', 'Oncology', 25830, 40776);

INSERT INTO H_PATIENTS  (PatientID, FirstName, MiddleInitial, LastName, Gender, PatientSSN, VisitReason, DoctorID, InsuranceNumber) 
	VALUES (575022, 'Therese', 'S.', 'Marval', 'Female', '141-93-7175', 'Oncology', 42800, 45022);

INSERT INTO H_PATIENTS  (PatientID, FirstName, MiddleInitial, LastName, Gender, PatientSSN, VisitReason, DoctorID, InsuranceNumber)  
	VALUES (575023, 'Faetes', 'Z.', 'Petrovsky', 'Female', '628-28-0473', 'Oncology', 20175, 41725);

INSERT INTO H_PATIENTS  (PatientID, FirstName, MiddleInitial, LastName, Gender, PatientSSN, VisitReason, DoctorID, InsuranceNumber)  
	VALUES (575024, 'Chloe', 'W.', 'Bulfield', 'Male', '462-55-4633', 'Oncology', 22114, 45073);

INSERT INTO H_PATIENTS  (PatientID, FirstName, MiddleInitial, LastName, Gender, PatientSSN, VisitReason, DoctorID, InsuranceNumber)  
	VALUES (575025, 'Eugenie', 'W.', 'Scutter', 'Female', '298-57-4106', 'Oncology', 21015, 40027);


CREATE SEQUENCE 	SEQ_H_PATIENT_ID
START WITH 		575026
INCREMENT BY 		1
MAXVALUE 		10000000;


COMMIT;
-- ——————————————————————————————————————————————————————————————————————————————————————————————————————————————————————————————————————————————————————————————————————————————————————————————

-- H_ROOMS TABLE DATA:

INSERT INTO H_ROOMS (FloorNumber, RoomNumber, Status, RoomID) 
	VALUES (1, '401A', 'Not-Full', 236510);

INSERT INTO H_ROOMS (FloorNumber, RoomNumber, Status, RoomID) 
	VALUES (6, '501B', 'Full', 197780);

INSERT INTO H_ROOMS (FloorNumber, RoomNumber, Status, RoomID) 
	VALUES (8, '401C', 'Not-Full', 270042);

INSERT INTO H_ROOMS (FloorNumber, RoomNumber, Status, RoomID) 
	VALUES (8, '301D', 'Not-Full', 206502);

INSERT INTO H_ROOMS (FloorNumber, RoomNumber, Status, RoomID) 
	VALUES (2, '296E', 'Full', 195598);

INSERT INTO H_ROOMS (FloorNumber, RoomNumber, Status, RoomID) 
	VALUES (3, '297A', 'Full', 214869);

INSERT INTO H_ROOMS (FloorNumber, RoomNumber, Status, RoomID) 
	VALUES (5, '298B', 'Not-Full', 188917);

INSERT INTO H_ROOMS (FloorNumber, RoomNumber, Status, RoomID) 
	VALUES (4, '188C', 'Full', 266754);

INSERT INTO H_ROOMS (FloorNumber, RoomNumber, Status, RoomID) 
	VALUES (1, '103D', 'Not-Full', 184903);

INSERT INTO H_ROOMS (FloorNumber, RoomNumber, Status, RoomID) 
	VALUES (5, '120E', 'Full', 196673);

INSERT INTO H_ROOMS (FloorNumber, RoomNumber, Status, RoomID) 
	VALUES (5, '101A', 'Not-Full', 176946);

INSERT INTO H_ROOMS (FloorNumber, RoomNumber, Status, RoomID) 
	VALUES (7, '186A', 'Not-Full', 258258);

INSERT INTO H_ROOMS (FloorNumber, RoomNumber, Status, RoomID) 
	VALUES (2, '187A', 'Not-Full', 215948);

INSERT INTO H_ROOMS (FloorNumber, RoomNumber, Status, RoomID) 
	VALUES (3, '219C', 'Full', 237195);

INSERT INTO H_ROOMS (FloorNumber, RoomNumber, Status, RoomID) 
	VALUES (6, '121A', 'Full', 209732);

INSERT INTO H_ROOMS (FloorNumber, RoomNumber, Status, RoomID) 
	VALUES (1, '136B', 'Not-Full', 229277);

INSERT INTO H_ROOMS (FloorNumber, RoomNumber, Status, RoomID) 
	VALUES (1, '115A', 'Not-Full', 176529);

INSERT INTO H_ROOMS (FloorNumber, RoomNumber, Status, RoomID)
	VALUES (7, '179A', 'Not-Full', 234525);

INSERT INTO H_ROOMS (FloorNumber, RoomNumber, Status, RoomID) 
	VALUES (4, '111B', 'Not-Full', 234726);

INSERT INTO H_ROOMS (FloorNumber, RoomNumber, Status, RoomID) 
	VALUES (1, '162C', 'Full', 457457);

INSERT INTO H_ROOMS (FloorNumber, RoomNumber, Status, RoomID) 
	VALUES (3, '194D', 'Full', 456746);

INSERT INTO H_ROOMS (FloorNumber, RoomNumber, Status, RoomID) 
	VALUES (3, '140E', 'Not-Full', 798633);

INSERT INTO H_ROOMS (FloorNumber, RoomNumber, Status, RoomID)  
	VALUES (6, '173A', 'Not-Full', 292684);

INSERT INTO H_ROOMS (FloorNumber, RoomNumber, Status, RoomID)  
	VALUES (1, '196B', 'Not-Full', 723580);

INSERT INTO H_ROOMS (FloorNumber, RoomNumber, Status, RoomID)  
	VALUES (1, '184C', 'Not-Full', 901919);

INSERT INTO H_ROOMS (FloorNumber, RoomNumber, Status, RoomID)  
	VALUES (5, '248D', 'Full', 579165);

INSERT INTO H_ROOMS (FloorNumber, RoomNumber, Status, RoomID)  
	VALUES (4, '169E', 'Not-Full', 519815);

INSERT INTO H_ROOMS (FloorNumber, RoomNumber, Status, RoomID)  
	VALUES (7, '150A', 'Not-Full', 510916);

INSERT INTO H_ROOMS (FloorNumber, RoomNumber, Status, RoomID)  
	VALUES (8, '227B', 'Not-Full', 591982);

INSERT INTO H_ROOMS (FloorNumber, RoomNumber, Status, RoomID)   
	VALUES (8, '119C', 'Full', 191651);

INSERT INTO H_ROOMS (FloorNumber, RoomNumber, Status, RoomID)  
	VALUES (6, '200D', 'Not-Full', 876788);

INSERT INTO H_ROOMS (FloorNumber, RoomNumber, Status, RoomID)  
	VALUES (5, '137E', 'Not-Full', 878676);

INSERT INTO H_ROOMS (FloorNumber, RoomNumber, Status, RoomID)  
	VALUES (3, '128D', 'Not-Full', 123456);

INSERT INTO H_ROOMS (FloorNumber, RoomNumber, Status, RoomID)  
	VALUES (3, '208E', 'Not-Full', 456799);

INSERT INTO H_ROOMS (FloorNumber, RoomNumber, Status, RoomID)  
	VALUES (3, '161E', 'Full', 987654);

INSERT INTO H_ROOMS (FloorNumber, RoomNumber, Status, RoomID)  
	VALUES (4, '211D', 'Full', 654987);

INSERT INTO H_ROOMS (FloorNumber, RoomNumber, Status, RoomID)  
	VALUES (7, '103C', 'Full', 456932);

INSERT INTO H_ROOMS (FloorNumber, RoomNumber, Status, RoomID)  
	VALUES (1, '209B', 'Full', 321654);

INSERT INTO H_ROOMS (FloorNumber, RoomNumber, Status, RoomID)  
	VALUES (8, '182A', 'Full', 963258);

INSERT INTO H_ROOMS (FloorNumber, RoomNumber, Status, RoomID) 
	VALUES (8, '235D', 'Full', 852147);

INSERT INTO H_ROOMS (FloorNumber, RoomNumber, Status, RoomID)  
	VALUES (5, '115A', 'Not-Full', 147258);

INSERT INTO H_ROOMS (FloorNumber, RoomNumber, Status, RoomID)  
	VALUES (6, '153C', 'Not-Full', 398349);

INSERT INTO H_ROOMS (FloorNumber, RoomNumber, Status, RoomID)  
	VALUES (8, '188A', 'Not-Full', 703020);

INSERT INTO H_ROOMS (FloorNumber, RoomNumber, Status, RoomID)  
	VALUES (7, '222D', 'Not-Full', 201073);

INSERT INTO H_ROOMS (FloorNumber, RoomNumber, Status, RoomID)  
	VALUES (8, '128C', 'Not-Full', 199602);

INSERT INTO H_ROOMS (FloorNumber, RoomNumber, Status, RoomID)  
	VALUES (5, '257E', 'Not-Full', 199812);

INSERT INTO H_ROOMS (FloorNumber, RoomNumber, Status, RoomID)  
	VALUES (8, '215D', 'Full', 173198);

INSERT INTO H_ROOMS (FloorNumber, RoomNumber, Status, RoomID)   
	VALUES (5, '245C', 'Not-Full', 911420);

INSERT INTO H_ROOMS (FloorNumber, RoomNumber, Status, RoomID)   
	VALUES (8, '177B', 'Not-Full', 420911);

INSERT INTO H_ROOMS (FloorNumber, RoomNumber, Status, RoomID)   
	VALUES (4, '137A', 'Not-Full', 618165);

COMMIT;

-- ——————————————————————————————————————————————————————————————————————————————————————————————————————————————————————————————————————————————————————————————————————————————————————————————

-- H_APPOINTMENTS TABLE DATA:
INSERT INTO H_APPOINTMENTS (AptID, AptDate, AptTime, AptDoctorID, PatientID, RoomID) 
	VALUES (10001, '2020-10-11', '9:57 AM', 12024, 575001, 236510);

INSERT INTO H_APPOINTMENTS (AptID, AptDate, AptTime, AptDoctorID, PatientID, RoomID) 
	VALUES (10002, '2022-04-28', '2:28 PM', 26781, 575002, 197780);

INSERT INTO H_APPOINTMENTS (AptID, AptDate, AptTime, AptDoctorID, PatientID, RoomID) 
	VALUES (10003, '2022-04-28', '11:03 AM', 30175, 575003, 270042);

INSERT INTO H_APPOINTMENTS (AptID, AptDate, AptTime, AptDoctorID, PatientID, RoomID) 
	VALUES (10004, '2017-07-26', '11:51 AM', 53360, 575004, 206502);

INSERT INTO H_APPOINTMENTS (AptID, AptDate, AptTime, AptDoctorID, PatientID, RoomID) 
	VALUES (10005, '2022-04-28', '9:57 AM', 64171, 575005, 195598);

INSERT INTO H_APPOINTMENTS (AptID, AptDate, AptTime, AptDoctorID, PatientID, RoomID) 
	VALUES (10006, '2022-04-28', '4:34 PM', 73377, 575006, 214869);

INSERT INTO H_APPOINTMENTS (AptID, AptDate, AptTime, AptDoctorID, PatientID, RoomID) 
	VALUES (10007, '2022-04-28', '10:36 AM', 89324, 575007, 188917);

INSERT INTO H_APPOINTMENTS (AptID, AptDate, AptTime, AptDoctorID, PatientID, RoomID) 
	VALUES (10008, '2022-04-2', '8:28 AM', 92757, 575008, 266754);

INSERT INTO H_APPOINTMENTS (AptID, AptDate, AptTime, AptDoctorID, PatientID, RoomID) 
	VALUES (10009, '2012-06-10', '1:23 PM', 10827, 575009, 184903); 

INSERT INTO H_APPOINTMENTS (AptID, AptDate, AptTime, AptDoctorID, PatientID, RoomID) 
	VALUES (10010, '2014-07-25', '9:10 AM', 11390, 575010, 196673);

INSERT INTO H_APPOINTMENTS (AptID, AptDate, AptTime, AptDoctorID, PatientID, RoomID) 
	VALUES (10011, '2020-11-20', '12:05 PM', 12994, 575011, 176946);

INSERT INTO H_APPOINTMENTS (AptID, AptDate, AptTime, AptDoctorID, PatientID, RoomID) 
	VALUES (10012, '2014-04-17', '11:48 AM', 35661, 575012, 258258);

INSERT INTO H_APPOINTMENTS (AptID, AptDate, AptTime, AptDoctorID, PatientID, RoomID) 
	VALUES (10013, '2013-01-23', '10:24 AM', 16994, 575013, 215948);
	
INSERT INTO H_APPOINTMENTS (AptID, AptDate, AptTime, AptDoctorID, PatientID, RoomID) 
	VALUES (10014, '2017-11-12', '12:12 PM', 66191, 575014, 237195);

INSERT INTO H_APPOINTMENTS (AptID, AptDate, AptTime, AptDoctorID, PatientID, RoomID) 
	VALUES (10015, '2014-09-07', '11:38 AM', 21265, 575015, 209732);

INSERT INTO H_APPOINTMENTS (AptID, AptDate, AptTime, AptDoctorID, PatientID, RoomID) 
	VALUES (10016, '2013-05-16', '9:42 AM', 19158, 575016, 229277);

INSERT INTO H_APPOINTMENTS (AptID, AptDate, AptTime, AptDoctorID, PatientID, RoomID) 
	VALUES (10017, '2017-07-24', '10:23 AM', 55919, 575017, 176529);


CREATE SEQUENCE 	SEQ_H_APT_ID
START WITH 		10018
INCREMENT BY 		1
MAXVALUE 		100000;


COMMIT;
-- ——————————————————————————————————————————————————————————————————————————————————————————————————————————————————————————————————————————————————————————————————————————————————————————————

-- H_DEPARTMENTS TABLE DATA:

INSERT INTO H_DEPARTMENTS (DptName, DptID, DoctorID, DptFloorNumber) 
	VALUES ('Cardiology', 1757, 12757, 7);

INSERT INTO H_DEPARTMENTS (DptName, DptID, DoctorID, DptFloorNumber) 
	VALUES ('Neurology', 1853, 48481, 6);

INSERT INTO H_DEPARTMENTS (DptName, DptID, DoctorID, DptFloorNumber) 
	VALUES ('Oncology', 1658, 14492, 5);

INSERT INTO H_DEPARTMENTS (DptName, DptID, DoctorID, DptFloorNumber)  
	VALUES ('Pharmacy', 1507, 14011, 4);

INSERT INTO H_DEPARTMENTS (DptName, DptID, DoctorID, DptFloorNumber) 
	VALUES ('Emergency', 1574, 23301, 1);
	
INSERT INTO H_DEPARTMENTS (DptName, DptID, DoctorID, DptFloorNumber)  
	VALUES ('Intensive care unit', 1905, 26277, 2);

INSERT INTO H_DEPARTMENTS (DptName, DptID, DoctorID, DptFloorNumber) 
	VALUES ('Laboratory', 1478, 19324, 3);

INSERT INTO H_DEPARTMENTS (DptName, DptID, DoctorID, DptFloorNumber)  
	VALUES ('Anesthesiology', 1810, 20584, 8);

INSERT INTO H_DEPARTMENTS (DptName, DptID, DoctorID, DptFloorNumber) 
	VALUES ('Physician', 1014, 24082, 9);


CREATE SEQUENCE 	SEQ_H_DPT_FLOOR_NUMBER
START WITH 		10
INCREMENT BY		1
MAXVALUE 		20;


COMMIT;
-- ——————————————————————————————————————————————————————————————————————————————————————————————————————————————————————————————————————————————————————————————————————————————————————————————